INSERT INTO "account" VALUES (
	'zWNkpf8jPhunf4m5rbtV4XFWpXwlU4Hg4K1uzfIkYlv1Iqzj6gtuYlmJrXuTnE8RcYHxigrwSnXBtDDvmyzuOQ977om5WQ6khcPqdaIQo16UUyL7PvHSM5s4emw4poZr5WaRf2exD7k72c11SsT0oL9fMLPR2X7KTfaQjNxKOIFTZjVNR20Xe8XQzKojfi101TX5RSYcR2az7z8fUG0Xt9MtgmI9Q8QngLiBq3KV7Jr6KUyR6yXnr2CU03b0hN6',
	'Roche',
	'Valentin',
	'+33673133149',
	'codixos@gmail.com',
	0
);

INSERT INTO "account" VALUES (
	'fErnq0RHXlGBI6DuQ88O3T6BCIizTwgt1YtNte1lAUE1uqoJOVDxHUihPSTTf57GVORuB8XFT1f8lUASGP8p0Fzj69wGDOv1tzsnwSlHbPp4M2fggbiNItk0w10E7Ro3sZ0V77osOzXU43pLHZ53gFLDOrG8NVzUTr0FM33ySDa5f53KTJ7AUfTujnbiVwiwIWWCS10YBOKcMqGvJ5s48AkThnzqfSCIRM2Omh0xeJvn4RSYSROfsi8ol3iqbPa',
	'Roche',
	'Zebi',
	'+33673133140',
	'codixos@gmail.com',
	10000
);

INSERT INTO "account" VALUES (
	'7xZnb9WK362TUHQkkLyCAnaaLiF5b55OQX77nRyh4kUGuFq17z3Cn4LKfKN2sD108L79knYWu8O5VvMpq5ei5beoZsOJq0qtj2fBl7R1kc6UdNHAcDAnpWvklEyhk9u39hGzDUx7dqCX9Rd1mEDMvhrFq5Dt5DDzAUWI6Sr1z9LVVSeu4T8gOZSt9EFxAX4OWLxAVKK6PNv3D77SOYunRk5CUggH9GYWjDJ8O1C2lUICOKjDd4QRyyK7Ovcs9Dh',
	'Hauet',
	'Arturo',
	'+33673133150',
	'codixos@gmail.com',
	1000000
);

INSERT INTO "account" VALUES (
	'sIowRDsqanK3vj0jfRVn1i8yLrmJfu93qDDlZwkeHFl4td0W2czjJbutqwibI8iaQJ7skSHtLpWHUtfN7gFQ0f40e6J1Fie4LeuRrmLHkxfpr6bv5VOYpwGvDyoux7Zus0fw2R2IRWEr3CqKtrohdX8t9pf37I17WoSVFg83hrb18BoKD3h989i3I36GAjXGLyEWbj6RsD6lt5TEQOjwJEZDZTeBOUOq0fNOUFmEW47cEgQ2R4DvIj5AN2iPDsv',
	'Hauet',
	'Zebi',
	'+336731349789',
	'codixos@gmail.com',
	29387.12
);

INSERT INTO "invoice_state" VALUES (
	0,
	'Pending'
);

INSERT INTO "invoice_state" VALUES (
	1,
	'Paid'
);

INSERT INTO "invoice_state" VALUES (
	2,
	'Expired'
);

INSERT INTO "invoice" VALUES (
	'tEaIBsmh9u3HvOj5q5cbHuoXxw9uxOxKqdflYUzpqSXPBh3FaLBcCFgYZmMj5WyFQdAJCxaaIXgmYrfI4YfMEFlnZr5WRHxZ61aAI5wqxEup1bQphuLVWGKZxX1GihDnXwyBs7w8euT4VD4siCU1l85LABRCmWXDwdVRgLBtpeSNOcNmfVv0JE4NuDL9ALDdC42IDrqTmLjvGyQSZYFCFzl2nKbyL5ZuqL7HM2jWSRkO2JGrIizxrTbBYqRJJgN',
	16.35,
	0,
	'2021-04-29',
	'sIowRDsqanK3vj0jfRVn1i8yLrmJfu93qDDlZwkeHFl4td0W2czjJbutqwibI8iaQJ7skSHtLpWHUtfN7gFQ0f40e6J1Fie4LeuRrmLHkxfpr6bv5VOYpwGvDyoux7Zus0fw2R2IRWEr3CqKtrohdX8t9pf37I17WoSVFg83hrb18BoKD3h989i3I36GAjXGLyEWbj6RsD6lt5TEQOjwJEZDZTeBOUOq0fNOUFmEW47cEgQ2R4DvIj5AN2iPDsv',
	'zWNkpf8jPhunf4m5rbtV4XFWpXwlU4Hg4K1uzfIkYlv1Iqzj6gtuYlmJrXuTnE8RcYHxigrwSnXBtDDvmyzuOQ977om5WQ6khcPqdaIQo16UUyL7PvHSM5s4emw4poZr5WaRf2exD7k72c11SsT0oL9fMLPR2X7KTfaQjNxKOIFTZjVNR20Xe8XQzKojfi101TX5RSYcR2az7z8fUG0Xt9MtgmI9Q8QngLiBq3KV7Jr6KUyR6yXnr2CU03b0hN6'
);

INSERT INTO "invoice" VALUES (
	'0ziycmXQp74egaPEQkVTOXsmauJYWRzppfsJ0ZhAiL2B0pciCR4toPzj0XUJLk5kLByZ0ulHj0W6dw84UcxvqSAMM9zBmKsSzwgbZ3olJr85P9ws5e5pcckHWKctJhzFW9CG3ex9oJjBx497ZihhZev0utJeFAvwYoHnWDB2Vi2rJGXdH83HUUvQwCqAqKoi3R42kmbQBUJoFArBlub7ofu0qNpgrhKQyCKBMx9XIWlurTmgtp2D5jloiMbCUBL',
	50000.01,
	1,
	'2021-04-29',
	'7xZnb9WK362TUHQkkLyCAnaaLiF5b55OQX77nRyh4kUGuFq17z3Cn4LKfKN2sD108L79knYWu8O5VvMpq5ei5beoZsOJq0qtj2fBl7R1kc6UdNHAcDAnpWvklEyhk9u39hGzDUx7dqCX9Rd1mEDMvhrFq5Dt5DDzAUWI6Sr1z9LVVSeu4T8gOZSt9EFxAX4OWLxAVKK6PNv3D77SOYunRk5CUggH9GYWjDJ8O1C2lUICOKjDd4QRyyK7Ovcs9Dh',
	'fErnq0RHXlGBI6DuQ88O3T6BCIizTwgt1YtNte1lAUE1uqoJOVDxHUihPSTTf57GVORuB8XFT1f8lUASGP8p0Fzj69wGDOv1tzsnwSlHbPp4M2fggbiNItk0w10E7Ro3sZ0V77osOzXU43pLHZ53gFLDOrG8NVzUTr0FM33ySDa5f53KTJ7AUfTujnbiVwiwIWWCS10YBOKcMqGvJ5s48AkThnzqfSCIRM2Omh0xeJvn4RSYSROfsi8ol3iqbPa'
);

INSERT INTO "invoice" VALUES (
	'gqC1e8X9dovX1bHFLvYcmwZVnarm4xXKv7k4Y5P2wEPiLGKJlXSLrFTvW45oBBayrWGP2GF7G4FwKnFw8xD49ejLZloom2VnoryBWCp6cVw6JaV4JY9fdB2JyB7XvKihLgazckRj9BRZBhFUUJI1PR2tQdwm3uoikvaRE87rSSxBwJP6EQhNiXKPj9ruWLBZ249c52dQYGwya7eNkW9woSQXXzV4pmnlclxPR3Z7t87RkRRVGWMdh4vvwSNMvId',
	666.66,
	2,
	'2021-04-29',
	'sIowRDsqanK3vj0jfRVn1i8yLrmJfu93qDDlZwkeHFl4td0W2czjJbutqwibI8iaQJ7skSHtLpWHUtfN7gFQ0f40e6J1Fie4LeuRrmLHkxfpr6bv5VOYpwGvDyoux7Zus0fw2R2IRWEr3CqKtrohdX8t9pf37I17WoSVFg83hrb18BoKD3h989i3I36GAjXGLyEWbj6RsD6lt5TEQOjwJEZDZTeBOUOq0fNOUFmEW47cEgQ2R4DvIj5AN2iPDsv',
	'fErnq0RHXlGBI6DuQ88O3T6BCIizTwgt1YtNte1lAUE1uqoJOVDxHUihPSTTf57GVORuB8XFT1f8lUASGP8p0Fzj69wGDOv1tzsnwSlHbPp4M2fggbiNItk0w10E7Ro3sZ0V77osOzXU43pLHZ53gFLDOrG8NVzUTr0FM33ySDa5f53KTJ7AUfTujnbiVwiwIWWCS10YBOKcMqGvJ5s48AkThnzqfSCIRM2Omh0xeJvn4RSYSROfsi8ol3iqbPa'
);

INSERT INTO "transfert" VALUES (
	'QItqpLGDZJHu4JqGcvMnCBNUNEkNZJSOPpY1A3GK6bkNjDpEkyKc1nQj22SEMrq7VR146ApOBwP6X6NAfTtG9yiORGx0pOt5diWDMAe940JGqqiFeQFov2xoKcX7shkee5UEcLnXhhkijFTGcCMrfXcs4QoXUKLLSwa91a0xjfZz9lvag2pyI78R1GQZ1HqJp9yUbwgsmQeou7fm1C2WFrqobtwVI2rPPxU9wdeEFimAPOTuAZewhUTp236SP8q',
	'instant',
	667,
	'sIowRDsqanK3vj0jfRVn1i8yLrmJfu93qDDlZwkeHFl4td0W2czjJbutqwibI8iaQJ7skSHtLpWHUtfN7gFQ0f40e6J1Fie4LeuRrmLHkxfpr6bv5VOYpwGvDyoux7Zus0fw2R2IRWEr3CqKtrohdX8t9pf37I17WoSVFg83hrb18BoKD3h989i3I36GAjXGLyEWbj6RsD6lt5TEQOjwJEZDZTeBOUOq0fNOUFmEW47cEgQ2R4DvIj5AN2iPDsv',
	'fErnq0RHXlGBI6DuQ88O3T6BCIizTwgt1YtNte1lAUE1uqoJOVDxHUihPSTTf57GVORuB8XFT1f8lUASGP8p0Fzj69wGDOv1tzsnwSlHbPp4M2fggbiNItk0w10E7Ro3sZ0V77osOzXU43pLHZ53gFLDOrG8NVzUTr0FM33ySDa5f53KTJ7AUfTujnbiVwiwIWWCS10YBOKcMqGvJ5s48AkThnzqfSCIRM2Omh0xeJvn4RSYSROfsi8ol3iqbPa',
	'Ça va, tout va bien ?',
	'Oui'
	null
);

INSERT INTO "transfert" VALUES (
	'OcLBM1tQdBUBLQ83mObCfBTM3rKLuXQ45gz1OZuXdH4iN2pSGy3i7lgeqiEdkXEaVUQWWKUcIogcYl9hUJWdD7jbR5dsFNpGZeJKYW6sVGS2grlQ4RCFigVD5iZMbJ9b1wcQ82I1bHOaikQNXXmArzS9RayYfjIZ5cJaIlrQWCEPALuDiv8frfMpQAzyYUWfCV3UydwyUvON4SOhoGdzYynYdpyTjXfKbdDF0nb8J3Jvf7zKk8YDxHQbhTs2abb',
	'scheduled',
	50,
	'7xZnb9WK362TUHQkkLyCAnaaLiF5b55OQX77nRyh4kUGuFq17z3Cn4LKfKN2sD108L79knYWu8O5VvMpq5ei5beoZsOJq0qtj2fBl7R1kc6UdNHAcDAnpWvklEyhk9u39hGzDUx7dqCX9Rd1mEDMvhrFq5Dt5DDzAUWI6Sr1z9LVVSeu4T8gOZSt9EFxAX4OWLxAVKK6PNv3D77SOYunRk5CUggH9GYWjDJ8O1C2lUICOKjDd4QRyyK7Ovcs9Dh',
	'sIowRDsqanK3vj0jfRVn1i8yLrmJfu93qDDlZwkeHFl4td0W2czjJbutqwibI8iaQJ7skSHtLpWHUtfN7gFQ0f40e6J1Fie4LeuRrmLHkxfpr6bv5VOYpwGvDyoux7Zus0fw2R2IRWEr3CqKtrohdX8t9pf37I17WoSVFg83hrb18BoKD3h989i3I36GAjXGLyEWbj6RsD6lt5TEQOjwJEZDZTeBOUOq0fNOUFmEW47cEgQ2R4DvIj5AN2iPDsv',
	'Ça va, tout va bien ?',
	'Oui',
	'2021-04-29'
);